Title,Company,Salary
Full Stack Software Engineer,Malbek,"$120,000 - $180,000 a year"
"Software Engineer, New Graduate",Duolingo,Not Mentioned
Junior Java Software Engineer,OpenEye,Not Mentioned
Entry Level Software Engineer,Motorola Solutions,Not Mentioned
Software Engineer,Strive MedTech,"$73,456 - $174,388 a year"
Software Engineer,200 Applications,"$140,000 - $215,000 a year"
Software Engineer,Embers Protection Services,"$75,000 - $200,000 a year"
Software Engineer,Frost Industries,"$71,711 - $125,000 a year"
"Software Engineer, Web",Tinder,Not Mentioned
Software Engineer,Arbor Biotechnologies Inc,Not Mentioned
"Software engineer, platform excellence",Torre .Co,"$150,000 - $190,000 a year"
Software Engineer in Test,Motorola Solutions,Not Mentioned
Associate Software Engineer,VirginPulse,Not Mentioned
Software Engineer,MasterCard,Not Mentioned
"Software Engineer, Marketplace Trading",Indigo,Not Mentioned
